SET SCHEMA FN71168;


-- station fill
INSERT INTO STATION (STATION_ID, NAME, SITUATION, PHONE, TRACKS, DEPOT)
VALUES('77001', 'SOFIA','SOFIA, BUL. KNIAGINIA MARIA LUIZA 102','02 9322270', 14,'Y');
INSERT INTO STATION (STATION_ID, NAME, SITUATION, PHONE, TRACKS, DEPOT)
VALUES('77002', 'PODUJANE','SOFIA, BUL. MADRID 57','02 9323089', 5,'N');
INSERT INTO STATION (STATION_ID, NAME, SITUATION, PHONE, TRACKS, DEPOT)
VALUES('77009', 'SEPTEMVRI','SEPTEMVRI, UL. LYUBEN KARAVELOV 2','03561 2426',6,'Y');
INSERT INTO STATION (STATION_ID, NAME, SITUATION, PHONE, TRACKS, DEPOT)
VALUES('77010', 'PAZARDZHIK','PAZARDZHIK, UL. BASAPARA 3','034 444720',6,'Y');
INSERT INTO STATION (STATION_ID, NAME, SITUATION, PHONE, TRACKS, DEPOT)
VALUES('77012', 'PLOVDIV','PLOVDIV, UL. HRISTO BOTEV 46','032 622729',14,'Y');

-- class fill
INSERT INTO CLASS (CLASS_TYPE, CLASS_VALUE) 
VALUES ('CLASS 1', 0.08);
INSERT INTO CLASS (CLASS_TYPE, CLASS_VALUE) 
VALUES ('CLASS 2', 0.07);
INSERT INTO CLASS (CLASS_TYPE, CLASS_VALUE) 
VALUES ('CLASS 2 HALL', 0.07);
INSERT INTO CLASS (CLASS_TYPE, CLASS_VALUE) 
VALUES ('BEDROOM', 0.11);
INSERT INTO CLASS (CLASS_TYPE, CLASS_VALUE) 
VALUES ('COUCH', 0.09);
INSERT INTO CLASS (CLASS_TYPE, CLASS_VALUE) 
VALUES ('VAN', 0.05);

UPDATE CLASS
SET CLASS_VALUE = 0.06 WHERE CLASS_TYPE = 'VAN';

-- depot fill
INSERT INTO DEPOT (DEPOT_ID, DEPOT_N, ADDRESS)
VALUES ('001', 'SOFIA', 'SOFIA, BUL. KNIAGINIA MARIA LUIZA 102');
INSERT INTO DEPOT (DEPOT_ID, DEPOT_N, ADDRESS)
VALUES ('010', 'SEPTEMVRI', 'SEPTEMVRI, UL. LYUBEN KARAVELOV 2');
INSERT INTO DEPOT (DEPOT_ID, DEPOT_N, ADDRESS)
VALUES ('011', 'PAZARDZHIK', 'PAZARDZHIK, UL. BASAPARA 3');
INSERT INTO DEPOT (DEPOT_ID, DEPOT_N, ADDRESS)
VALUES ('100', 'PLOVDIV', 'PLOVDIV, UL. HRISTO BOTEV 46');

-- train fill
INSERT INTO TRAIN (TRAIN_ID, TRAIN_NAME, TRAIN_TYPE, ACTIVITY, TRAIN_CATEGORY, DEPOT)
VALUES ('1313', 'DIANA', 'PASSANGERS', 'Y', 'FAST', '001');
INSERT INTO TRAIN (TRAIN_ID, TRAIN_TYPE, ACTIVITY, TRAIN_CATEGORY, DEPOT)
VALUES ('1352', 'PASSANGERS', 'Y', 'EXPRESS', '001');
INSERT INTO TRAIN (TRAIN_ID, TRAIN_TYPE, CAPACITY, ACTIVITY, TRAIN_CATEGORY, DEPOT)
VALUES ('2214', 'FREIGHT', 200000, 'Y', 'ORDINARY', '011');
INSERT INTO TRAIN (TRAIN_ID, TRAIN_TYPE, ACTIVITY, TRAIN_CATEGORY, DEPOT)
VALUES ('2567', 'PASSANGERS', 'Y', 'FAST', '100');
INSERT INTO TRAIN (TRAIN_ID, TRAIN_TYPE, CAPACITY, ACTIVITY, TRAIN_CATEGORY, DEPOT)
VALUES ('3142', 'FREIGHT', 450000, 'N', 'ORDINARY', '010');
INSERT INTO TRAIN (TRAIN_ID, TRAIN_TYPE, ACTIVITY, TRAIN_CATEGORY, DEPOT)
VALUES ('3245', 'PASSANGERS', 'N', 'EXPRESS', '100');


-- seats fill
INSERT INTO SEATS (SEAT_NUM_1, SEAT_NUM_2, SEAT_NUM_2_HALL, VAN_NUM, BEDS_NUM, WAGGON_COUCH_NUM, WAGGON_REST_NUM, TRAIN_REF)
VALUES (40, 60, 200, 0, 0, 0, 1, '1313');
INSERT INTO SEATS (SEAT_NUM_1, SEAT_NUM_2, SEAT_NUM_2_HALL, VAN_NUM, BEDS_NUM, WAGGON_COUCH_NUM, WAGGON_REST_NUM, TRAIN_REF)
VALUES (80, 40, 60, 0, 40, 1, 1, '1352');
INSERT INTO SEATS (SEAT_NUM_1, SEAT_NUM_2, SEAT_NUM_2_HALL, VAN_NUM, BEDS_NUM, WAGGON_COUCH_NUM, WAGGON_REST_NUM, TRAIN_REF)
VALUES (0, 0, 0, 40, 0, 0, 0, '2214');
INSERT INTO SEATS (SEAT_NUM_1, SEAT_NUM_2, SEAT_NUM_2_HALL, VAN_NUM, BEDS_NUM, WAGGON_COUCH_NUM, WAGGON_REST_NUM, TRAIN_REF)
VALUES (40, 130, 140, 1, 30, 0, 0, '2567');
INSERT INTO SEATS (SEAT_NUM_1, SEAT_NUM_2, SEAT_NUM_2_HALL, VAN_NUM, BEDS_NUM, WAGGON_COUCH_NUM, WAGGON_REST_NUM, TRAIN_REF)
VALUES (0, 0, 0, 32, 0, 0, 2, '3142');
INSERT INTO SEATS (SEAT_NUM_1, SEAT_NUM_2, SEAT_NUM_2_HALL, VAN_NUM, BEDS_NUM, WAGGON_COUCH_NUM, WAGGON_REST_NUM, TRAIN_REF)
VALUES (80, 60, 140, 2, 36, 2, 2, '3245');

---------------------------------------------------------



--#############################################################################
-- route fill
INSERT INTO ROUTE (ROUTE_ID, STATION_FROM, STATION_TO)
VALUES ('R00001', '77001', '77002');
INSERT INTO ROUTE (ROUTE_ID, STATION_FROM, STATION_TO)
VALUES ('R00002', '77001', '77009');
INSERT INTO ROUTE (ROUTE_ID, STATION_FROM, STATION_TO)
VALUES ('R00003', '77001', '77010');
INSERT INTO ROUTE (ROUTE_ID, STATION_FROM, STATION_TO)
VALUES ('R00004', '77001', '77012');

INSERT INTO ROUTE (ROUTE_ID, STATION_FROM, STATION_TO)
VALUES ('R00005', '77002', '77009');
INSERT INTO ROUTE (ROUTE_ID, STATION_FROM, STATION_TO)
VALUES ('R00006', '77002', '77010');
INSERT INTO ROUTE (ROUTE_ID, STATION_FROM, STATION_TO)
VALUES ('R00007', '77002', '77012');

INSERT INTO ROUTE (ROUTE_ID, STATION_FROM, STATION_TO)
VALUES ('R00008', '77009', '77010');
INSERT INTO ROUTE (ROUTE_ID, STATION_FROM, STATION_TO)
VALUES ('R00009', '77009', '77012');

INSERT INTO ROUTE (ROUTE_ID, STATION_FROM, STATION_TO)
VALUES ('R00010', '77010', '77012');

--#########################################################

INSERT INTO ROUTE (ROUTE_ID, STATION_FROM, STATION_TO)
VALUES ('R00011', '77012', '77010');
INSERT INTO ROUTE (ROUTE_ID, STATION_FROM, STATION_TO)
VALUES ('R00012', '77012', '77009');
INSERT INTO ROUTE (ROUTE_ID, STATION_FROM, STATION_TO)
VALUES ('R00013', '77012', '77002');
INSERT INTO ROUTE (ROUTE_ID, STATION_FROM, STATION_TO)
VALUES ('R00014', '77012', '77001');

INSERT INTO ROUTE (ROUTE_ID, STATION_FROM, STATION_TO)
VALUES ('R00015', '77010', '77009');
INSERT INTO ROUTE (ROUTE_ID, STATION_FROM, STATION_TO)
VALUES ('R00016', '77010', '77002');
INSERT INTO ROUTE (ROUTE_ID, STATION_FROM, STATION_TO)
VALUES ('R00017', '77010', '77001');

INSERT INTO ROUTE (ROUTE_ID, STATION_FROM, STATION_TO)
VALUES ('R00018', '77009', '77002');
INSERT INTO ROUTE (ROUTE_ID, STATION_FROM, STATION_TO)
VALUES ('R00019', '77009', '77001');

INSERT INTO ROUTE (ROUTE_ID, STATION_FROM, STATION_TO)
VALUES ('R00020', '77002', '77001');
---------------------------------------------------------

-- sub route fill
INSERT INTO SUB_ROUTE (SUB_ROUTE_ID, ROUTE_PID, STATION_FROM, STATION_TO, DISTANCE)
VALUES ('SR0001', 'R00001', '77001', '77002', 5);
INSERT INTO SUB_ROUTE (SUB_ROUTE_ID, ROUTE_PID, STATION_FROM, STATION_TO, DISTANCE)
VALUES ('SR0001', 'R00002', '77001', '77002', 5);
INSERT INTO SUB_ROUTE (SUB_ROUTE_ID, ROUTE_PID, STATION_FROM, STATION_TO, DISTANCE)
VALUES ('SR0001', 'R00003', '77001', '77002', 5);
INSERT INTO SUB_ROUTE (SUB_ROUTE_ID, ROUTE_PID, STATION_FROM, STATION_TO, DISTANCE)
VALUES ('SR0001', 'R00004', '77001', '77002', 5);

INSERT INTO SUB_ROUTE (SUB_ROUTE_ID, ROUTE_PID, STATION_FROM, STATION_TO, DISTANCE)
VALUES ('SR0002', 'R00002', '77002', '77009', 95);
INSERT INTO SUB_ROUTE (SUB_ROUTE_ID, ROUTE_PID, STATION_FROM, STATION_TO, DISTANCE)
VALUES ('SR0002', 'R00003', '77002', '77009', 95);
INSERT INTO SUB_ROUTE (SUB_ROUTE_ID, ROUTE_PID, STATION_FROM, STATION_TO, DISTANCE)
VALUES ('SR0002', 'R00004', '77002', '77009', 95);
INSERT INTO SUB_ROUTE (SUB_ROUTE_ID, ROUTE_PID, STATION_FROM, STATION_TO, DISTANCE)
VALUES ('SR0002', 'R00005', '77002', '77009', 95);
INSERT INTO SUB_ROUTE (SUB_ROUTE_ID, ROUTE_PID, STATION_FROM, STATION_TO, DISTANCE)
VALUES ('SR0002', 'R00006', '77002', '77009', 95);
INSERT INTO SUB_ROUTE (SUB_ROUTE_ID, ROUTE_PID, STATION_FROM, STATION_TO, DISTANCE)
VALUES ('SR0002', 'R00007', '77002', '77009', 95);

INSERT INTO SUB_ROUTE (SUB_ROUTE_ID, ROUTE_PID, STATION_FROM, STATION_TO, DISTANCE)
VALUES ('SR0003', 'R00003', '77009', '77010', 20);
INSERT INTO SUB_ROUTE (SUB_ROUTE_ID, ROUTE_PID, STATION_FROM, STATION_TO, DISTANCE)
VALUES ('SR0003', 'R00004', '77009', '77010', 20);
INSERT INTO SUB_ROUTE (SUB_ROUTE_ID, ROUTE_PID, STATION_FROM, STATION_TO, DISTANCE)
VALUES ('SR0003', 'R00006', '77009', '77010', 20);
INSERT INTO SUB_ROUTE (SUB_ROUTE_ID, ROUTE_PID, STATION_FROM, STATION_TO, DISTANCE)
VALUES ('SR0003', 'R00007', '77009', '77010', 20);
INSERT INTO SUB_ROUTE (SUB_ROUTE_ID, ROUTE_PID, STATION_FROM, STATION_TO, DISTANCE)
VALUES ('SR0003', 'R00008', '77009', '77010', 20);
INSERT INTO SUB_ROUTE (SUB_ROUTE_ID, ROUTE_PID, STATION_FROM, STATION_TO, DISTANCE)
VALUES ('SR0003', 'R00009', '77009', '77010', 20);

INSERT INTO SUB_ROUTE (SUB_ROUTE_ID, ROUTE_PID, STATION_FROM, STATION_TO, DISTANCE)
VALUES ('SR0004', 'R00004', '77010', '77012', 35);
INSERT INTO SUB_ROUTE (SUB_ROUTE_ID, ROUTE_PID, STATION_FROM, STATION_TO, DISTANCE)
VALUES ('SR0004', 'R00007', '77010', '77012', 35);
INSERT INTO SUB_ROUTE (SUB_ROUTE_ID, ROUTE_PID, STATION_FROM, STATION_TO, DISTANCE)
VALUES ('SR0004', 'R00009', '77010', '77012', 35);
INSERT INTO SUB_ROUTE (SUB_ROUTE_ID, ROUTE_PID, STATION_FROM, STATION_TO, DISTANCE)
VALUES ('SR0004', 'R00010', '77010', '77012', 35);

----------------------------------------------------------------

INSERT INTO SUB_ROUTE (SUB_ROUTE_ID, ROUTE_PID, STATION_FROM, STATION_TO, DISTANCE)
VALUES ('SR0005', 'R00011', '77012', '77010', 35);
INSERT INTO SUB_ROUTE (SUB_ROUTE_ID, ROUTE_PID, STATION_FROM, STATION_TO, DISTANCE)
VALUES ('SR0005', 'R00012', '77012', '77010', 35);
INSERT INTO SUB_ROUTE (SUB_ROUTE_ID, ROUTE_PID, STATION_FROM, STATION_TO, DISTANCE)
VALUES ('SR0005', 'R00013', '77012', '77010', 35);
INSERT INTO SUB_ROUTE (SUB_ROUTE_ID, ROUTE_PID, STATION_FROM, STATION_TO, DISTANCE)
VALUES ('SR0005', 'R00014', '77012', '77010', 35);

INSERT INTO SUB_ROUTE (SUB_ROUTE_ID, ROUTE_PID, STATION_FROM, STATION_TO, DISTANCE)
VALUES ('SR0006', 'R00012', '77010', '77009', 20);
INSERT INTO SUB_ROUTE (SUB_ROUTE_ID, ROUTE_PID, STATION_FROM, STATION_TO, DISTANCE)
VALUES ('SR0006', 'R00013', '77010', '77009', 20);
INSERT INTO SUB_ROUTE (SUB_ROUTE_ID, ROUTE_PID, STATION_FROM, STATION_TO, DISTANCE)
VALUES ('SR0006', 'R00014', '77010', '77009', 20);
INSERT INTO SUB_ROUTE (SUB_ROUTE_ID, ROUTE_PID, STATION_FROM, STATION_TO, DISTANCE)
VALUES ('SR0006', 'R00015', '77010', '77009', 20);
INSERT INTO SUB_ROUTE (SUB_ROUTE_ID, ROUTE_PID, STATION_FROM, STATION_TO, DISTANCE)
VALUES ('SR0006', 'R00016', '77010', '77009', 20);
INSERT INTO SUB_ROUTE (SUB_ROUTE_ID, ROUTE_PID, STATION_FROM, STATION_TO, DISTANCE)
VALUES ('SR0006', 'R00017', '77010', '77009', 20);

INSERT INTO SUB_ROUTE (SUB_ROUTE_ID, ROUTE_PID, STATION_FROM, STATION_TO, DISTANCE)
VALUES ('SR0007', 'R00013', '77009', '77002', 95);
INSERT INTO SUB_ROUTE (SUB_ROUTE_ID, ROUTE_PID, STATION_FROM, STATION_TO, DISTANCE)
VALUES ('SR0007', 'R00014', '77009', '77002', 95);
INSERT INTO SUB_ROUTE (SUB_ROUTE_ID, ROUTE_PID, STATION_FROM, STATION_TO, DISTANCE)
VALUES ('SR0007', 'R00016', '77009', '77002', 95);
INSERT INTO SUB_ROUTE (SUB_ROUTE_ID, ROUTE_PID, STATION_FROM, STATION_TO, DISTANCE)
VALUES ('SR0007', 'R00017', '77009', '77002', 95);
INSERT INTO SUB_ROUTE (SUB_ROUTE_ID, ROUTE_PID, STATION_FROM, STATION_TO, DISTANCE)
VALUES ('SR0007', 'R00018', '77009', '77002', 95);
INSERT INTO SUB_ROUTE (SUB_ROUTE_ID, ROUTE_PID, STATION_FROM, STATION_TO, DISTANCE)
VALUES ('SR0007', 'R00019', '77009', '77002', 95);

INSERT INTO SUB_ROUTE (SUB_ROUTE_ID, ROUTE_PID, STATION_FROM, STATION_TO, DISTANCE)
VALUES ('SR0008', 'R00014', '77002', '77001', 5);
INSERT INTO SUB_ROUTE (SUB_ROUTE_ID, ROUTE_PID, STATION_FROM, STATION_TO, DISTANCE)
VALUES ('SR0008', 'R00017', '77002', '77001', 5);
INSERT INTO SUB_ROUTE (SUB_ROUTE_ID, ROUTE_PID, STATION_FROM, STATION_TO, DISTANCE)
VALUES ('SR0008', 'R00019', '77002', '77001', 5);
INSERT INTO SUB_ROUTE (SUB_ROUTE_ID, ROUTE_PID, STATION_FROM, STATION_TO, DISTANCE)
VALUES ('SR0008', 'R00020', '77002', '77001', 5);


-- passenger fill
INSERT INTO PASSENGER (NAME, FAMILY_NAME, ADDRESS, PHONE, EGN, STATUS, PLACE)
VALUES ('NIKOLAY', 'NIKOLOV', 'SOFIA, BUL. PEJO JAVOROV 35', '0883456789', '8801012020', 'STUDENT', 'SU. ST KLIMENT OHRIDSKI');
INSERT INTO PASSENGER (NAME, FAMILY_NAME, ADDRESS, PHONE, EGN, STATUS, PLACE)
VALUES ('IVAN', 'IVANOV', 'SOFIA, BUL. STUD. GRAD BL. 8', '0883452581', '8912012024', 'STUDENT', 'TU SOFIA');
INSERT INTO PASSENGER (NAME, FAMILY_NAME, ADDRESS, PHONE, EGN, STATUS)
VALUES ('PETER', 'PETROV', 'BOURGAS, KV. SLAVEJKOV BL. 34', '0889453532', '8701013664', 'ADULT');
INSERT INTO PASSENGER (NAME, FAMILY_NAME, ADDRESS, PHONE, EGN, STATUS, PLACE)
VALUES ('VALENTIN', 'VALENTINOV', 'PLOVDIV, UL. HRISTO BOTEV 23', '0899452377', '6501017842', 'ADULT', 'EOOD ZAVODA');
INSERT INTO PASSENGER (NAME, FAMILY_NAME, ADDRESS, PHONE, EGN, STATUS)
VALUES ('GEORGI', 'GEORGIEV', 'PAZARDZHIK, UL. VASIL LEVSKI 54', '0893457334', '9523522435', 'YOUNG MAN');
INSERT INTO PASSENGER (NAME, FAMILY_NAME, ADDRESS, PHONE, EGN, STATUS, PLACE)
VALUES ('STEFAN', 'STEFANOV', 'SEPTEMVRI, UL. DUB 2', '23542331', '7812121456', 'ADULT', 'BDZ');
INSERT INTO PASSENGER (NAME, FAMILY_NAME, ADDRESS, PHONE, EGN, STATUS)
VALUES ('MARIA', 'MARIEVA', 'SOFIA, UL. DZHEJMS BAUCHER 23', '0989425234', '9812052823', 'KID');
INSERT INTO PASSENGER (NAME, FAMILY_NAME, ADDRESS, PHONE, EGN, STATUS, PLACE)
VALUES ('IVANA', 'IVANOVA', 'PLOVDIV, UL. ALEKO KONSTANTINOV 52', '0899232556', '8103252727', 'ADULT', 'EOD SLADOLED');
INSERT INTO PASSENGER (NAME, FAMILY_NAME, ADDRESS, PHONE, EGN, STATUS, PLACE)
VALUES ('DIANA', 'DIANOVA', 'PLOVDIV, UL. STEFAN STAMBOLOV 5', '0834452581', '9005253335', 'STUDENT', 'PLOVDIVSKI UNIVERSITET');
INSERT INTO PASSENGER (NAME, FAMILY_NAME, ADDRESS, PHONE, EGN, STATUS, PLACE)
VALUES ('MISHO', 'MIHAILOV', 'SOFIA, BUL. STUD. GRAD BL. 55', '0882345235', '8803046020', 'STUDENT', 'UNSS');

-- redundancy cards fill
INSERT INTO REDUNDANCY_CARDS (RED_CARD, CARD_TYPE, RED_VALUE) 
VALUES ('ZL72348', 'FAMILY', 0.50);
INSERT INTO REDUNDANCY_CARDS (RED_CARD, CARD_TYPE, RED_VALUE) 
VALUES ('ZL72234', 'CLASSIC', 0.75);
INSERT INTO REDUNDANCY_CARDS (RED_CARD, CARD_TYPE, RED_VALUE) 
VALUES ('ZL72634', 'STUDENT', 0.50);
INSERT INTO REDUNDANCY_CARDS (RED_CARD, CARD_TYPE, RED_VALUE) 
VALUES ('ZL72637', 'STUDENT', 0.50);
INSERT INTO REDUNDANCY_CARDS (RED_CARD, CARD_TYPE, RED_VALUE) 
VALUES ('ZL72765', 'STUDENT', 0.50);
INSERT INTO REDUNDANCY_CARDS (RED_CARD, CARD_TYPE, RED_VALUE) 
VALUES ('ZL72179', 'ISIC', 0.50);

-- subs cards fill
INSERT INTO SUBS_CARDS (SUB_CARD, CARD_TYPE, RED_VALUE) 
VALUES ('AB73459', 'NORMAL', 0.60);
INSERT INTO SUBS_CARDS (SUB_CARD, CARD_TYPE, RED_VALUE) 
VALUES ('AB77456', 'RED 10%', 0.90);
INSERT INTO SUBS_CARDS (SUB_CARD, CARD_TYPE, RED_VALUE) 
VALUES ('AB38653', 'NORMAL', 0.60);
INSERT INTO SUBS_CARDS (SUB_CARD, CARD_TYPE, RED_VALUE) 
VALUES ('AB35782', 'RED 10%', 0.90);

-- cards fill
INSERT INTO CARDS(CARD_ID, ID_ZL_REF, RELEASE_DATE, EXPIRE_DATE, PUB_STATION, EGN_REF)
VALUES ('CD24678', 'ZL72348', '2010-11-03', '2011-11-03', '77001', '8103252727');
INSERT INTO CARDS(CARD_ID, ID_ZL_REF, RELEASE_DATE, EXPIRE_DATE, PUB_STATION, EGN_REF)
VALUES ('CD24543', 'ZL72234', '2010-02-24', '2010-12-31', '77001', '8701013664');
INSERT INTO CARDS(CARD_ID, ID_ZL_REF, RELEASE_DATE, EXPIRE_DATE, PUB_STATION, EGN_REF)
VALUES ('CD24345', 'ZL72634', '2011-01-04', '2011-12-31', '77001', '8801012020');
INSERT INTO CARDS(CARD_ID, ID_ZL_REF, RELEASE_DATE, EXPIRE_DATE, PUB_STATION, EGN_REF)
VALUES ('CD24456', 'ZL72637', '2011-02-11', '2011-12-31', '77002', '8912012024');
INSERT INTO CARDS(CARD_ID, ID_ZL_REF, RELEASE_DATE, EXPIRE_DATE, PUB_STATION, EGN_REF)
VALUES ('CD24654', 'ZL72765', '2011-01-27', '2011-10-05', '77012', '9005253335');
INSERT INTO CARDS(CARD_ID, ID_ZL_REF, RELEASE_DATE, EXPIRE_DATE, PUB_STATION, EGN_REF)
VALUES ('CD24567', 'ZL72179', '2010-12-03', '2010-12-31', '77012', '9005253335');
INSERT INTO CARDS(CARD_ID, ID_AB_REF, RELEASE_DATE, EXPIRE_DATE, PUB_STATION, EGN_REF)
VALUES ('CD24765', 'AB73459', '2009-07-16', '2010-07-15', '77010', '8701013664');
INSERT INTO CARDS(CARD_ID, ID_AB_REF, RELEASE_DATE, EXPIRE_DATE, PUB_STATION, EGN_REF)
VALUES ('CD24867', 'AB77456', '2010-08-13', '2011-06-01', '77010', '6501017842');
INSERT INTO CARDS(CARD_ID, ID_AB_REF, RELEASE_DATE, EXPIRE_DATE, PUB_STATION, EGN_REF)
VALUES ('CD24670', 'AB38653', '2011-04-20', '2011-12-31', '77001', '9812052823');
INSERT INTO CARDS(CARD_ID, ID_AB_REF, RELEASE_DATE, EXPIRE_DATE, PUB_STATION, EGN_REF)
VALUES ('CD24945', 'AB35782', '2010-05-09', '2011-04-01', '77012', '8803046020');


-----------------------------------------------------------------------------

-- time fill
INSERT INTO TIME_TABLE (ROUTE_REF, TRAIN_REF, DEPARTURE_TIME, ARRIVING_TIME,TYPE_TT)
VALUES ('R00001','1313', '05:24','05:34','SUMMER');
INSERT INTO TIME_TABLE (ROUTE_REF, TRAIN_REF, DEPARTURE_TIME, ARRIVING_TIME,TYPE_TT)
VALUES ('R00002','1313', '05:24','06:44','SUMMER');
INSERT INTO TIME_TABLE (ROUTE_REF, TRAIN_REF, DEPARTURE_TIME, ARRIVING_TIME,TYPE_TT)
VALUES ('R00003','1313', '05:24','06:55','SUMMER');
INSERT INTO TIME_TABLE (ROUTE_REF, TRAIN_REF, DEPARTURE_TIME, ARRIVING_TIME,TYPE_TT)
VALUES ('R00004','1313', '05:24','07:17','SUMMER');
INSERT INTO TIME_TABLE (ROUTE_REF, TRAIN_REF, DEPARTURE_TIME, ARRIVING_TIME,TYPE_TT)
VALUES ('R00005','1352', '06:54','08:09','WINTER');
INSERT INTO TIME_TABLE (ROUTE_REF, TRAIN_REF, DEPARTURE_TIME, ARRIVING_TIME,TYPE_TT)
VALUES ('R00006','1352', '06:54','08:24','WINTER');
INSERT INTO TIME_TABLE (ROUTE_REF, TRAIN_REF, DEPARTURE_TIME, ARRIVING_TIME,TYPE_TT)
VALUES ('R00007','1352', '06:54','08:34','WINTER');
INSERT INTO TIME_TABLE (ROUTE_REF, TRAIN_REF, DEPARTURE_TIME, ARRIVING_TIME,TYPE_TT)
VALUES ('R00010','1352', '20:24','20:54','WINTER');
INSERT INTO TIME_TABLE (ROUTE_REF, TRAIN_REF, DEPARTURE_TIME, ARRIVING_TIME,TYPE_TT)
VALUES ('R00004','2214', '04:24','05:54','SUMMER');
INSERT INTO TIME_TABLE (ROUTE_REF, TRAIN_REF, DEPARTURE_TIME, ARRIVING_TIME,TYPE_TT)
VALUES ('R00004','2214', '03:44','05:39','WINTER');
INSERT INTO TIME_TABLE (ROUTE_REF, TRAIN_REF, DEPARTURE_TIME, ARRIVING_TIME,TYPE_TT)
VALUES ('R00017','3142', '23:24','00:39','SUMMER');
INSERT INTO TIME_TABLE (ROUTE_REF, TRAIN_REF, DEPARTURE_TIME, ARRIVING_TIME,TYPE_TT)
VALUES ('R00016','3142', '23:24','00:30','SUMMER');
INSERT INTO TIME_TABLE (ROUTE_REF, TRAIN_REF, DEPARTURE_TIME, ARRIVING_TIME,TYPE_TT)
VALUES ('R00019','2567', '15:24','16:49','SUMMER');
INSERT INTO TIME_TABLE (ROUTE_REF, TRAIN_REF, DEPARTURE_TIME, ARRIVING_TIME,TYPE_TT)
VALUES ('R00018','2567', '15:24','05:34','SUMMER');
INSERT INTO TIME_TABLE (ROUTE_REF, TRAIN_REF, DEPARTURE_TIME, ARRIVING_TIME,TYPE_TT)
VALUES ('R00011','3245', '19:04','19:34','WINTER');
INSERT INTO TIME_TABLE (ROUTE_REF, TRAIN_REF, DEPARTURE_TIME, ARRIVING_TIME,TYPE_TT)
VALUES ('R00011','1313', '12:24','12:54','SUMMER');
INSERT INTO TIME_TABLE (ROUTE_REF, TRAIN_REF, DEPARTURE_TIME, ARRIVING_TIME,TYPE_TT)
VALUES ('R00012','1313', '12:24','13:09','SUMMER');
INSERT INTO TIME_TABLE (ROUTE_REF, TRAIN_REF, DEPARTURE_TIME, ARRIVING_TIME,TYPE_TT)
VALUES ('R00013','1313', '12:24','14:29','SUMMER');
INSERT INTO TIME_TABLE (ROUTE_REF, TRAIN_REF, DEPARTURE_TIME, ARRIVING_TIME,TYPE_TT)
VALUES ('R00014','1313', '12:24','14:35','SUMMER');
INSERT INTO TIME_TABLE (ROUTE_REF, TRAIN_REF, DEPARTURE_TIME, ARRIVING_TIME,TYPE_TT)
VALUES ('R00015','1313', '12:54','13:06','SUMMER');
INSERT INTO TIME_TABLE (ROUTE_REF, TRAIN_REF, DEPARTURE_TIME, ARRIVING_TIME,TYPE_TT)
VALUES ('R00016','1313', '12:54','14:29','SUMMER');
INSERT INTO TIME_TABLE (ROUTE_REF, TRAIN_REF, DEPARTURE_TIME, ARRIVING_TIME,TYPE_TT)
VALUES ('R00017','1313', '12:54','14:35','SUMMER');
INSERT INTO TIME_TABLE (ROUTE_REF, TRAIN_REF, DEPARTURE_TIME, ARRIVING_TIME,TYPE_TT)
VALUES ('R00018','1313', '13:09','14:29','SUMMER');
INSERT INTO TIME_TABLE (ROUTE_REF, TRAIN_REF, DEPARTURE_TIME, ARRIVING_TIME,TYPE_TT)
VALUES ('R00019','1313', '13:09','14:35','SUMMER');
INSERT INTO TIME_TABLE (ROUTE_REF, TRAIN_REF, DEPARTURE_TIME, ARRIVING_TIME,TYPE_TT)
VALUES ('R00020','1313', '14:29','14:35','SUMMER');
INSERT INTO TIME_TABLE (ROUTE_REF, TRAIN_REF, DEPARTURE_TIME, ARRIVING_TIME,TYPE_TT)
VALUES ('R00001','3245', '17:54','18:04','WINTER');
INSERT INTO TIME_TABLE (ROUTE_REF, TRAIN_REF, DEPARTURE_TIME, ARRIVING_TIME,TYPE_TT)
VALUES ('R00002','3245', '17:24','20:01','WINTER');
INSERT INTO TIME_TABLE (ROUTE_REF, TRAIN_REF, DEPARTURE_TIME, ARRIVING_TIME,TYPE_TT)
VALUES ('R00003','3245', '17:24','20:13','WINTER');
INSERT INTO TIME_TABLE (ROUTE_REF, TRAIN_REF, DEPARTURE_TIME, ARRIVING_TIME,TYPE_TT)
VALUES ('R00004','3245', '17:24','20:25','WINTER');
INSERT INTO TIME_TABLE (ROUTE_REF, TRAIN_REF, DEPARTURE_TIME, ARRIVING_TIME,TYPE_TT)
VALUES ('R00005','3245', '18:07','20:01','WINTER');
INSERT INTO TIME_TABLE (ROUTE_REF, TRAIN_REF, DEPARTURE_TIME, ARRIVING_TIME,TYPE_TT)
VALUES ('R00006','3245', '18:07','20:13','WINTER');
INSERT INTO TIME_TABLE (ROUTE_REF, TRAIN_REF, DEPARTURE_TIME, ARRIVING_TIME,TYPE_TT)
VALUES ('R00007','3245', '18:07','20:25','WINTER');
INSERT INTO TIME_TABLE (ROUTE_REF, TRAIN_REF, DEPARTURE_TIME, ARRIVING_TIME,TYPE_TT)
VALUES ('R00008','3245', '20:04','20:13','WINTER');
INSERT INTO TIME_TABLE (ROUTE_REF, TRAIN_REF, DEPARTURE_TIME, ARRIVING_TIME,TYPE_TT)
VALUES ('R00009','3245', '20:04','20:25','WINTER');
INSERT INTO TIME_TABLE (ROUTE_REF, TRAIN_REF, DEPARTURE_TIME, ARRIVING_TIME,TYPE_TT)
VALUES ('R00010','3245', '20:14','20:25','SUMMER');
---------------------------------------------------------------------------------------------------------


-- ticket fill
INSERT INTO TICKET (TICKET_ID, SERIES, STATION_FROM, STATION_TO, BOUGHT_FROM, ROUTE_REF, TRAIN_REF, TICKET_DATE, SETOFF_DATE, RESERVED_SEAT, INSURANCE_NUM, ID_CARD, CLASS_REF)
VALUES ('T112233', '25-3111', 'SOFIA', 'PLOVDIV', '77001', 'R00004', '1313', '2011-04-03', '2011-04-03', '0023', 'INS12134', 'CD24678', 'CLASS 2');
INSERT INTO TICKET (TICKET_ID, SERIES, STATION_FROM, STATION_TO, BOUGHT_FROM, ROUTE_REF, TRAIN_REF, TICKET_DATE, SETOFF_DATE, RESERVED_SEAT, INSURANCE_NUM, ID_CARD, CLASS_REF)
VALUES ('T112234', '25-3122', 'PODUJANE', 'PLOVDIV', '77002', 'R00007', '1352', '2011-02-24', '2011-02-24', '0117', 'INS12535', 'CD24543', 'CLASS 2 HALL');
INSERT INTO TICKET (TICKET_ID, SERIES, STATION_FROM, STATION_TO, BOUGHT_FROM, ROUTE_REF, TRAIN_REF, TICKET_DATE, SETOFF_DATE, RESERVED_SEAT, INSURANCE_NUM, ID_CARD, CLASS_REF)
VALUES ('T112235', '25-3133', 'PODUJANE', 'PAZARDZHIK', '77001', 'R00006', '1352', '2011-02-02', '2011-02-03', '0097', 'INS12345', 'CD24345', 'CLASS 1');
INSERT INTO TICKET (TICKET_ID, SERIES, STATION_FROM, STATION_TO, BOUGHT_FROM, ROUTE_REF, TRAIN_REF, TICKET_DATE, SETOFF_DATE, INSURANCE_NUM, ID_CARD, CLASS_REF)
VALUES ('T112236', '25-3144', 'PLOVDIV', 'SOFIA', '77012', 'R00014', '1313', '2011-05-01', '2011-05-01', 'INS12532', 'CD24456', 'CLASS 2');
INSERT INTO TICKET (TICKET_ID, SERIES, STATION_FROM, STATION_TO, BOUGHT_FROM, ROUTE_REF, TRAIN_REF, TICKET_DATE, SETOFF_DATE, RESERVED_SEAT, INSURANCE_NUM, ID_CARD, CLASS_REF)
VALUES ('T112237', '25-3155', 'PAZARDZHIK', 'SOFIA', '77010', 'R00017', '1313', '2011-05-09', '2011-05-10', '0134', 'INS12632', 'CD24654', 'CLASS 2 HALL');
INSERT INTO TICKET (TICKET_ID, SERIES, STATION_FROM, STATION_TO, BOUGHT_FROM, ROUTE_REF, TRAIN_REF, TICKET_DATE, SETOFF_DATE, INSURANCE_NUM, ID_CARD, CLASS_REF)
VALUES ('T112238', '25-3166', 'PAZARDZHIK', 'SEPTEMVRI', '77010', 'R00015', '3245', '2011-01-23', '2011-01-23', 'INS12263', 'CD24567', 'CLASS 2');
INSERT INTO TICKET (TICKET_ID, SERIES, STATION_FROM, STATION_TO, BOUGHT_FROM, ROUTE_REF, TRAIN_REF, TICKET_DATE, SETOFF_DATE, INSURANCE_NUM, ID_CARD, CLASS_REF)
VALUES ('T112239', '25-3177', 'SEPTEMVRI', 'PLOVDIV', '77009', 'R00009', '3245', '2011-01-07', '2011-01-07', 'INS12123', 'CD24765', 'CLASS 2');
INSERT INTO TICKET (TICKET_ID, SERIES, STATION_FROM, STATION_TO, BOUGHT_FROM, ROUTE_REF, TRAIN_REF, TICKET_DATE, SETOFF_DATE, INSURANCE_NUM, ID_CARD, CLASS_REF)
VALUES ('T112240', '25-3188', 'SOFIA', 'SEPTEMVRI', '77001', 'R00002', '1313', '2011-04-28', '2011-04-28', 'INS17345', 'CD24867', 'CLASS 1');
INSERT INTO TICKET (TICKET_ID, SERIES, STATION_FROM, STATION_TO, BOUGHT_FROM, ROUTE_REF, TRAIN_REF, TICKET_DATE, SETOFF_DATE, INSURANCE_NUM, CLASS_REF)
VALUES ('T112241', '25-3199', 'SEPTEMVRI', 'SOFIA', '77009', 'R00019', '1313', '2011-03-03', '2011-03-03', 'INS12765', 'CLASS 1');
INSERT INTO TICKET (TICKET_ID, SERIES, STATION_FROM, STATION_TO, BOUGHT_FROM, ROUTE_REF, TRAIN_REF, TICKET_DATE, SETOFF_DATE, INSURANCE_NUM, ID_CARD, CLASS_REF)
VALUES ('T112242', '25-3911', 'PLOVDIV', 'PODUJANE', '77012', 'R00013', '1313', '2011-03-21', '2011-03-21', 'INS12541', 'CD24945', 'CLASS 2');
INSERT INTO TICKET (TICKET_ID, SERIES, STATION_FROM, STATION_TO, BOUGHT_FROM, ROUTE_REF, TRAIN_REF, TICKET_DATE, SETOFF_DATE, RESERVED_SEAT, INSURANCE_NUM, CLASS_REF)
VALUES ('T112243', '25-3922', 'SOFIA', 'PLOVDIV', '77001', 'R00004', '3245', '2011-02-12', '2011-02-12', '0023', 'INS19375', 'BEDROOM');
INSERT INTO TICKET (TICKET_ID, SERIES, STATION_FROM, STATION_TO, BOUGHT_FROM, ROUTE_REF, TRAIN_REF, TICKET_DATE, SETOFF_DATE, INSURANCE_NUM, CLASS_REF)
VALUES ('T112244', '25-3933', 'SOFIA', 'PLOVDIV', '77001', 'R00004', '3142', '2011-04-03', '2011-04-03', 'INS14587', 'VAN');


INSERT INTO TICKET (TICKET_ID, SERIES, STATION_FROM, STATION_TO, BOUGHT_FROM, ROUTE_REF, TRAIN_REF, TICKET_DATE, SETOFF_DATE, INSURANCE_NUM, CLASS_REF)
VALUES ('T112345', '25-3343', 'SOFIA', 'PLOVDIV', '77001', 'R00004', '3142', '2011-05-23', '2011-05-23', 'INS14534', 'VAN');

INSERT INTO TICKET (TICKET_ID, SERIES, STATION_FROM, STATION_TO, BOUGHT_FROM, ROUTE_REF, TRAIN_REF, TICKET_DATE, SETOFF_DATE, RESERVED_SEAT, INSURANCE_NUM, CLASS_REF)
VALUES ('T112987', '25-3948', 'SOFIA', 'PLOVDIV', '77001', 'R00004', '3245', '2011-05-12', '2011-06-12', '0459', 'INS19254', 'BEDROOM');

INSERT INTO TICKET (TICKET_ID, SERIES, STATION_FROM, STATION_TO, BOUGHT_FROM, ROUTE_REF, TRAIN_REF, TICKET_DATE, SETOFF_DATE, RESERVED_SEAT, INSURANCE_NUM, CLASS_REF)
VALUES ('T112967', '25-3940', 'SOFIA', 'PLOVDIV', '77001', 'R00004', '3245', '2011-06-15', '2011-06-15', '0459', 'INS19254', 'BEDROOM');

